"","country","Country_Urban_Pop","Country_Total_Pop"
"1","Aruba",6740,119367
"2","Afghanistan",27198491,32756601
"3","Angola",23286921,32560149
"4","Åland",0,29619
"5","Albania",2297555,3077113
"6","Andorra",910,77210
"7","United Arab Emirates",9243336,10010697
"8","Argentina",38655292,45667665
"9","Armenia",2638194,3044102
"10","American Samoa",42566,47392
"13","Antigua and Barbuda",85729,98159
"14","Australia",22584502,25466430
"15","Austria",6192205,8909538
"16","Azerbaijan",8693033,10267199
"17","Burundi",2636354,11913826
"18","Belgium",10075749,11840879
"19","Benin",11362856,12991002
"20","Bonaire, Saint Eustatius and Saba",19871,25040
"21","Burkina Faso",12920420,20937128
"22","Bangladesh",78540021,164633221
"23","Bulgaria",5306664,6980073
"24","Bahrain",1444720,1454440
"25","Bahamas",331132,335494
"26","Bosnia and Herzegovina",2446462,3860637
"27","Belarus",6397602,9489668
"28","Belize",287645,407074
"29","Bolivia",8365148,11621438
"30","Brazil",183459205,211832382
"31","Barbados",57257,294542
"32","Brunei",422895,465656
"33","Bhutan",425672,806505
"34","Botswana",1576782,2335028
"35","Central African Republic",4199777,6113644
"36","Canada",30896661,37561336
"37","Switzerland",7090162,8585067
"38","Chile",15792340,18188428
"39","China",1242153186,1393690114
"40","Côte d'Ivoire",23875586,27531039
"41","Cameroon",23492708,28178282
"42","Democratic Republic of the Congo",91005615,102053656
"43","Congo",4964457,5528488
"44","Cook Islands",3419,8564
"45","Colombia",38902610,49120981
"46","Comoros",835044,846281
"47","Cabo Verde",540946,583245
"48","Costa Rica",4077918,5116263
"49","Cuba",9305952,11054899
"50","Curaçao",144542,151345
"51","Cayman Islands",56613,61303
"52","Cyprus",700996,861207
"53","Czech Republic",7482024,10766574
"54","Germany",66303397,80384375
"55","Djibouti",830096,922910
"56","Dominica",55611,74243
"57","Denmark",4922563,5870506
"58","Dominican Republic",9316445,10501102
"59","Algeria",34916668,42990867
"60","Ecuador",13494701,16935405
"61","Egypt",103277364,104199895
"62","Eritrea",4944241,6093532
"63","Western Sahara",584494,653448
"64","Spain",43634214,50027542
"65","Estonia",808944,1231256
"66","Ethiopia",89924410,108354526
"67","Finland",3176253,5535874
"68","Fiji",726035.000000001,935762
"69","Falkland Islands",0,3198
"70","France",47936457,65849938
"71","Faroe Islands",36703,51339
"72","Micronesia",93968,102060
"73","Gabon",2061293,2263880
"74","United Kingdom",57495491,65757676
"75","Georgia",2848378,4022503
"76","Ghana",25230934,29421748
"77","Guinea",9313898,12588586
"78","Guadeloupe",362008,382850
"79","Gambia",1973267,2202577
"80","Guinea-Bissau",1534021,1924926
"81","Equatorial Guinea",578058,839006
"82","Greece",9042693,10620379
"83","Grenada",104297,113094
"84","Greenland",46610.0000000011,56295
"85","Guatemala",14488293,17204795
"86","French Guiana",250969,310022
"87","Guam",160522,168489
"88","Guyana",576059,732887
"89","Hong Kong",5491383,7523125
"91","Honduras",6923287,9300733
"92","Croatia",2927186,4272460
"93","Haiti",10264774,11114097
"94","Hungary",7661577,9809781
"95","Indonesia",263596118,266962821
"96","Isle of Man",73702,90498
"97","India",1231972077,1327865131
"98","Ireland",3236923,5199681
"99","Iran",74480027,84927676
"100","Iraq",35654025,38909785
"101","Iceland",279706,349959
"102","Israel",8834522,8966199
"103","Italy",52747896,62452932
"104","Jamaica",2350892,2808381
"105","Jersey",90494,101073
"106","Jordan",10229101,10842163
"107","Japan",119958953,125430059
"108","Kazakhstan",15320012,19145704
"109","Kenya",46435855,53736801
"110","Kyrgyzstan",4872769,5985543
"111","Cambodia",13743731,17021801
"112","Kiribati",110032,111776
"113","Saint Kitts and Nevis",50132,53816
"114","South Korea",49731766,51764161
"115","Kuwait",2778771,3006013
"116","Laos",4710316,7623541
"117","Lebanon",6138454,6344082
"118","Liberia",4134161,5112862
"119","Libya",5117037,6891081
"120","Saint Lucia",149904,166487
"121","Liechtenstein",40052,44560
"122","Sri Lanka",20897703,22888776
"123","Lesotho",1120821,1989072
"124","Lithuania",1787427,2744607
"125","Luxembourg",531059,646698
"126","Latvia",1190918,1886624
"127","Macao",105084,634394
"128","Saint-Martin",21382,42234
"129","Morocco",28104753,35625255
"130","Moldova",2586580,3418022
"131","Madagascar",17152872,26955737
"132","Mexico",112164400,128723060
"133","Macedonia",1768941,2124241
"134","Mali",15501529,19611836
"135","Malta",446405,457263
"136","Myanmar",45947743,55828550
"137","Montenegro",411304,602462
"138","Mongolia",2266369,3174046
"139","Northern Mariana Islands",50820,51851
"140","Mozambique",18726483,30373583
"141","Mauritania",3280417,4199934
"142","Montserrat",2114,5373
"143","Martinique",345670,361335
"144","Mauritius",1318391,1379292
"145","Malawi",17469100,21316226
"146","Malaysia",31144772,32706381
"147","Mayotte",272997,281228
"148","Namibia",1509465,2661843
"149","New Caledonia",196269,289864
"150","Niger",17218071,22947222
"151","Nigeria",195201571,214221372
"152","Nicaragua",4220267.00000001,6219178
"153","Netherlands",15542779,17309210
"154","Norway",3707099,5441056
"155","Nepal",26605332,30819615
"156","New Zealand",4632406,4925161
"157","Oman",3986660,4730779
"158","Pakistan",223195141,233315053
"159","Panama",2996963,3903089
"160","Peru",24333731,31968451
"161","Philippines",105658783.5,109154155
"162","Palau",16630,21677
"163","Papua New Guinea",4635761,7260207
"164","Poland",26173267,38320377
"165","Puerto Rico",2810963,3157244
"166","North Korea",22512315,25887359
"167","Portugal",8457083,10313396
"168","Paraguay",5031433,7243236
"169","Palestine",4810171,5010902
"170","French Polynesia",278253,289797
"171","Qatar",2304538,2436473
"172","Réunion",821980,863257
"173","Romania",15564117,21388962
"174","Russia",110935550,141598346
"175","Rwanda",1366094,12831185
"176","Saudi Arabia",27367749,34168099
"177","Sudan",35815245,45591117
"178","Senegal",14262887,15888319
"179","Singapore",39881,6209750
"181","Saint Helena",4805,7853
"182","Svalbard and Jan Mayen",0,2752
"183","Solomon Islands",605786,683162
"184","Sierra Leone",5326360,6656114
"185","El Salvador",5562078,6480120
"186","Somalia",7243908,11789678
"187","Saint Pierre and Miquelon",5015,5347
"188","Serbia",5385053,7076949
"189","South Sudan",5777881,10604646
"190","São Tomé and Príncipe",197185,211122
"191","Suriname",539090,651699
"192","Slovakia",4174794,5470521
"193","Slovenia",1337574,2106681
"194","Sweden",7001179,10206265
"195","Eswatini",443778,1132650
"196","Sint Maarten",2619,45342
"197","Seychelles",95936,95974
"198","Syria",17139799,19328640
"199","Turks and Caicos Islands",51733,55926
"200","Chad",12386423,17074452
"201","Togo",7201022,8732312
"202","Thailand",52970830,69334637
"203","Tajikistan",8012145,8940458
"204","Turkmenistan",4637157,5533899
"205","East Timor",1002340,1391595
"206","Tonga",93002,105940
"207","Trinidad and Tobago",1080359,1208785
"208","Tunisia",8782590,11718880
"209","Turkey",66835123,82323804
"210","Taiwan",23119544,23602729
"211","Tanzania",40673113,58698028
"212","Uganda",36572610,43490144
"213","Ukraine",30465747,43992213
"214","Uruguay",2971328,3409763
"215","United States",274335801,330305902
"216","Uzbekistan",27715505,30891144
"217","Saint Vincent and the Grenadines",93990,100650
"218","Venezuela",24731307,28717372
"219","Virgin Islands, U.S.",100636,106288
"220","Vietnam",91832229.5,98863024
"221","Vanuatu",264453,297972
"222","Samoa",182311,203591
"223","Akrotiri and Dhekelia",21619,29385
"224","Caspian Sea",849768,849909
"225","Kosovo",1558060,1936836
"226","Northern Cyprus",383787,473499
"227","Yemen",26040042,29895628
"228","South Africa",48236831,56581911
"229","Zambia",10573012,17626016
"230","Zimbabwe",6512743,14574969
